Size,LDA,Align.,Time(s),GFlops,Residual,Residual(norm),Check
30000,30000,1,1513.777,11.892,7.350489e-10,0.02829664,pass
30000,30000,1,1737.171,10.3627,7.350489e-10,0.02829664,pass
30000,30000,1,1761.248,10.221,7.350489e-10,0.02829664,pass
30000,30000,1,1628.887,11.0516,7.350489e-10,0.02829664,pass
30000,30000,1,1038.578,17.3331,7.350489e-10,0.02829664,pass
