Size,LDA,Align.,Time(s),GFlops,Residual,Residual(norm),Check
30000,30000,1,207.21,86.8769,7.791709e-10,0.02999747,pass
30000,30000,1,206.944,86.9886,7.791709e-10,0.02999747,pass
30000,30000,1,213.063,84.4905,7.791709e-10,0.02999747,pass
30000,30000,1,204.793,87.9024,7.791709e-10,0.02999747,pass
30000,30000,1,210.917,85.3501,7.791709e-10,0.02999747,pass
