Size,GFlops_i7,GFlops_i5,Differenza
20000,73.9988,50.6391,23.359700000000004
20000,75.5579,58.9787,16.5792
20000,71.7546,43.6755,28.079099999999997
20000,85.4732,46.4697,39.0035
20000,73.0337,50.3618,22.671899999999994
20000,70.9675,60.8296,10.137900000000002
20000,78.8415,49.6355,29.205999999999996
20000,82.8098,48.504,34.3058
20000,80.3923,47.1058,33.286500000000004
20000,73.2465,47.1534,26.0931
20000,81.6781,52.1106,29.567500000000003
