Size,GFlops_i7,GFlops_i5,Differenza
1000,51.2915,63.0098,-11.7183
1000,59.6486,67.7028,-8.054199999999994
1000,62.5442,68.8814,-6.337200000000003
1000,62.5442,70.3741,-7.829900000000002
1000,65.5132,59.7557,5.7575
1000,68.8099,76.7154,-7.9055000000000035
1000,67.0504,77.9268,-10.876400000000004
1000,65.3129,76.1796,-10.866699999999994
1000,63.7572,56.1683,7.588899999999995
1000,65.1233,74.7899,-9.666600000000003
