Size,GFlops_i7,GFlops_i5,Differenza
10000,85.4488,52.5843,32.86450000000001
10000,86.4364,52.225,34.211400000000005
10000,87.6418,55.8905,31.7513
10000,88.3332,46.1603,42.172900000000006
10000,88.4634,50.2043,38.25909999999999
10000,88.4958,50.0795,38.4163
10000,74.8729,44.712,30.160899999999998
10000,88.7145,54.1177,34.5968
10000,88.4078,44.7691,43.63869999999999
10000,87.569,45.3876,42.181400000000004
