Size,GFlops_i7,GFlops_i5,Differenza
5000,85.4132,90.4942,-5.081000000000003
5000,84.9527,93.9367,-8.984000000000009
5000,84.6551,84.1415,0.5136000000000109
5000,85.1173,97.1382,-12.020899999999997
5000,77.2406,85.3702,-8.129599999999996
5000,84.674,94.7838,-10.109799999999993
5000,84.6122,94.9458,-10.333600000000004
5000,75.8807,88.3601,-12.479399999999998
5000,77.7682,86.5526,-8.784400000000005
5000,84.6594,92.9364,-8.277000000000001
