Size,GFlops_i7,GFlops_i5,Differenza
30000,86.8769,11.892,74.98490000000001
30000,86.9886,10.3627,76.6259
30000,84.4905,10.221,74.2695
30000,87.9024,11.0516,76.85079999999999
30000,85.3501,17.3331,68.017
