id,PC1,PC2,PC3,PC4,PC5,PC6
0,2.816663385506826,-2.2333700773360223,0.6116033033714203,1.6558129961166863,0.19963043438688854,-0.17045458914104336
13,5.081099035443584,2.398839332668578,1.878305339117738,3.3256893177098754,0.8684415050061265,-0.9541778063324887
72,2.6329978731493933,1.3471667474895752,-0.7810859117717478,-0.24028146028261607,0.29825922675657585,0.08970612419142485
74,0.4631462354439116,-2.0348544102525676,6.597546403904409,-4.456411462595996,5.109024410775996,2.380107320138896
135,0.8297482015109414,1.4742953797177016,3.3225777236011544,-1.5851790617582326,-0.7880039011092517,4.573925771045457
214,-1.5698925479556902,0.1750002925589034,0.4030136736242718,1.3018923740119144,0.08391827651050728,-0.14479711353046998
216,-2.037880152499962,-0.9853325775536841,2.4049008901003734,-2.311644014593711,-3.8899397823371897,-2.9044487954261187
252,-1.3640258201647601,2.7130772684402507,-0.67899910042453,-0.22628613175440623,0.06443201401397244,0.15016137076282737
258,-2.692319973333825,0.774975512118494,0.37971165706030224,1.2739018475230868,0.009396548625550961,-0.1382333548847612
